image_id,numeric_label,final_label,image_area,tissue_area,cell_area,chromatin_area,cell_area_ratio_over_tissue,cell_area_ratio_over_image,chromatin_area_ratio_over_tissue,chromatin_area_ratio_over_cell,number_of_components,largest_component_area,largest_component_ratio,mean_component_area,std_component_area,component_density_over_cell,granularity_index,chromatin_skeleton_length,chromatin_skeleton_length_ratio_over_cell,total_perimeter,compactness,centroid_x,centroid_y,image_mean_rgb_r,image_std_rgb_r,image_mean_rgb_g,image_std_rgb_g,image_mean_rgb_b,image_std_rgb_b,image_mean_hsv_h,image_std_hsv_h,image_mean_hsv_s,image_std_hsv_s,image_mean_hsv_v,image_std_hsv_v,image_mean_lab_l,image_std_lab_l,image_mean_lab_a,image_std_lab_a,image_mean_lab_b,image_std_lab_b,cell_mean_rgb_r,cell_std_rgb_r,cell_mean_rgb_g,cell_std_rgb_g,cell_mean_rgb_b,cell_std_rgb_b,cell_mean_hsv_h,cell_std_hsv_h,cell_mean_hsv_s,cell_std_hsv_s,cell_mean_hsv_v,cell_std_hsv_v,cell_mean_lab_l,cell_std_lab_l,cell_mean_lab_a,cell_std_lab_a,cell_mean_lab_b,cell_std_lab_b,chromatin_mean_rgb_r,chromatin_std_rgb_r,chromatin_mean_rgb_g,chromatin_std_rgb_g,chromatin_mean_rgb_b,chromatin_std_rgb_b,chromatin_mean_hsv_h,chromatin_std_hsv_h,chromatin_mean_hsv_s,chromatin_std_hsv_s,chromatin_mean_hsv_v,chromatin_std_hsv_v,chromatin_mean_lab_l,chromatin_std_lab_l,chromatin_mean_lab_a,chromatin_std_lab_a,chromatin_mean_lab_b,chromatin_std_lab_b,cell_number_of_components,cell_largest_component_area,cell_largest_component_ratio,cell_mean_component_area,cell_std_component_area,cell_component_density,cell_granularity_index,cell_skeleton_length,cell_skeleton_length_ratio,cell_total_perimeter,cell_compactness,cell_centroid_x,cell_centroid_y,chromatin_number_of_components,chromatin_largest_component_area,chromatin_largest_component_ratio,chromatin_mean_component_area,chromatin_std_component_area,chromatin_component_density,chromatin_granularity_index,chromatin_skeleton_length_ratio,chromatin_total_perimeter,chromatin_compactness,chromatin_centroid_x,chromatin_centroid_y
1.png,0,NMF,16384,13867,5920,816,0.426912814595803,0.361328125,0.0588447393091512,0.1378378378378378,10,370,0.4534313725490196,81.5999984741211,102.6724853515625,0.0016891891891891,0.0122549019607843,108,0.0182432432432432,357.0,0.0804569547137842,64.15135135135135,64.54594594594595,0.6120533,0.23220253,0.45812166,0.2593271,0.7599667,0.15825288,0.76016104,0.07167248,0.44391948,0.23675285,0.76169753,0.16020449,55.550373,22.935268,31.432121,13.2424,-34.638035,16.463327,0.399974,0.16204335,0.2332717,0.1367584,0.62520236,0.14260672,0.7372716,0.025245363,0.657383,0.16175894,0.62522876,0.142666,35.147358,14.047789,39.91089,8.569919,-46.940414,9.777891,0.13583794,0.10005546,0.044708524,0.053793974,0.38405442,0.1636261,0.7061485,0.025148092,0.91163987,0.10333957,0.38405442,0.1636261,13.066495,8.554631,33.415344,14.729047,-43.73034,16.711458,7,2165,0.3657094594594595,845.7142944335938,686.4098510742188,0.000504795557799,0.0011824324324324,665,0.0479555779909136,1493.0355339059329,0.0333726952661408,107.79076212471132,42.776443418013855,10,370,0.4534313725490196,81.5999984741211,102.6724853515625,0.0016891891891891,0.0122549019607843,0.0182432432432432,357.0,0.0804569547137842,64.15135135135135,64.54594594594595
2.png,0,NMF,16384,13295,5290,1010,0.3978939450921399,0.3228759765625,0.0759684091763821,0.1909262759924385,6,466,0.4613861386138614,168.3333282470703,161.3997802734375,0.0011342155009451,0.0059405940594059,169,0.0319470699432892,426.0,0.0699378117244305,63.97424892703863,58.17811158798283,0.5876323,0.25576663,0.4420452,0.28921118,0.74610776,0.16740057,0.7580493,0.07719784,0.46555102,0.26413804,0.74737954,0.16913213,53.74298,25.481956,31.423132,14.277761,-35.537693,17.603048,0.34022412,0.14441766,0.17819774,0.10631513,0.5869605,0.12141633,0.7315792,0.020674115,0.7230213,0.14010079,0.5869605,0.12141633,29.778984,11.816152,41.681698,5.4922476,-49.91506,4.868571,0.13489671,0.07806474,0.038349044,0.042926222,0.40957087,0.09687918,0.70750046,0.017002104,0.92180055,0.08403706,0.40957087,0.09687918,13.067496,6.404583,37.573746,7.7240577,-48.83931,7.1232347,3,3239,0.6122873345935728,1763.3333740234375,1066.4034423828125,0.0002256487401278,0.0005671077504725,585,0.0440015043249341,1344.207106781187,0.0367902858097282,78.97560975609755,39.55819697437481,6,466,0.4613861386138614,168.3333282470703,161.3997802734375,0.0011342155009451,0.0059405940594059,0.0319470699432892,426.0,0.0699378117244305,63.97424892703863,58.17811158798283
3.png,0,NMF,16384,13426,6307,1564,0.4697601668404588,0.38494873046875,0.1164903917771488,0.2479784366576819,10,560,0.3580562659846547,156.39999389648438,175.7260284423828,0.0015855398763278,0.0063938618925831,279,0.0442365625495481,704.0,0.0396553049959197,64.91071428571429,63.65,0.612798,0.23302472,0.47402683,0.26979056,0.7690518,0.14898339,0.74952704,0.09366869,0.42991415,0.24400944,0.77083933,0.15111297,56.639156,23.460657,29.934145,14.030729,-34.38297,17.509602,0.42400596,0.1660591,0.25881422,0.1491081,0.6528897,0.12820017,0.7372862,0.025113985,0.63302994,0.16922621,0.65300715,0.12841456,37.69797,14.60898,39.812088,7.1643906,-47.216557,8.71457,0.23537418,0.12698148,0.09775212,0.07276911,0.5081342,0.12643512,0.7203728,0.026164588,0.8319402,0.11951915,0.5081342,0.12643512,21.240759,9.607285,41.43314,8.202636,-51.323795,8.189044,5,3102,0.4918344696369113,1261.4000244140625,931.3975219726562,0.0003724117384179,0.0007927699381639,529,0.0394011619246238,1129.0355339059329,0.0621752404959851,44.211154094132816,16.71050934880722,10,560,0.3580562659846547,156.39999389648438,175.7260284423828,0.0015855398763278,0.0063938618925831,0.0442365625495481,704.0,0.0396553049959197,64.91071428571429,63.65
4.png,1,AMF,16384,14101,5278,1034,0.3742996950570881,0.3221435546875,0.073328132756542,0.1959075407351269,5,419,0.4052224371373307,206.8000030517578,121.4518814086914,0.0009473285335354,0.0048355899419729,174,0.0329670329670329,449.0,0.0644521962452933,79.55131264916467,109.6801909307876,0.6131798,0.22891304,0.4703502,0.25387248,0.7685997,0.14533703,0.7526457,0.07829723,0.43174228,0.23656712,0.76991725,0.14709039,56.431847,22.414553,30.386906,12.631144,-34.617493,15.9817095,0.38329375,0.15766479,0.22108442,0.12319591,0.62657493,0.120928496,0.7329417,0.022852855,0.6750929,0.15761581,0.62657493,0.120928496,34.067364,12.91158,40.99379,5.2096806,-49.09899,5.559821,0.14006336,0.08686361,0.041390844,0.048767027,0.44073954,0.09081045,0.7058529,0.018558612,0.92078584,0.08935908,0.44073954,0.09081045,14.343775,6.6248546,40.149937,6.0990777,-52.007744,5.770981,6,1552,0.2940507768093975,879.6666870117188,357.70037841796875,0.0004255017374654,0.0011367942402425,586,0.0415573363591234,1397.414213562373,0.0339647902793215,20.85631443298969,95.82603092783503,5,419,0.4052224371373307,206.8000030517578,121.4518814086914,0.0009473285335354,0.0048355899419729,0.0329670329670329,449.0,0.0644521962452933,79.55131264916467,109.6801909307876
5.png,1,AMF,16384,13732,5161,1127,0.3758374599475677,0.31500244140625,0.082071074861637,0.2183685332299942,14,433,0.3842058562555457,80.5,124.48450469970705,0.002712652586708,0.0124223602484472,191,0.0370083317186591,529.0,0.0506083800528971,57.30715935334873,102.4133949191686,0.58649594,0.24395663,0.44672185,0.27994743,0.75403166,0.15334576,0.7503449,0.072661884,0.45950264,0.26244178,0.7550762,0.15476832,54.218365,24.370398,31.081865,14.265158,-36.0448,17.67516,0.36212847,0.1461261,0.20222431,0.12750483,0.61800385,0.11143358,0.7308353,0.018890396,0.69827914,0.15914266,0.61800563,0.111438885,32.406727,12.521499,41.71171,5.515426,-50.57183,6.2912436,0.18248874,0.090203986,0.053783435,0.052959237,0.48109588,0.07912061,0.71580946,0.01863905,0.9002194,0.09457642,0.48109588,0.07912061,17.232803,6.4953203,43.057407,4.426827,-53.932148,4.49072,4,2063,0.3997287347413292,1290.25,546.4509887695312,0.0002912904165452,0.0007750435962022,472,0.0343722691523448,1052.0,0.0586019737352604,94.67377605428987,25.468250121182745,14,433,0.3842058562555457,80.5,124.48450469970705,0.002712652586708,0.0124223602484472,0.0370083317186591,529.0,0.0506083800528971,57.30715935334873,102.4133949191686
6.png,0,NMF,16384,14621,6304,1292,0.4311606593256275,0.384765625,0.088366048833869,0.2049492385786802,16,339,0.2623839009287925,80.75,86.24347686767578,0.0025380710659898,0.0123839009287925,213,0.0337880710659898,636.0,0.0401382234527709,62.554572271386434,63.67551622418879,0.5490346,0.23992549,0.402689,0.2591926,0.7283014,0.1544293,0.74628794,0.07429496,0.49773484,0.24475372,0.72928464,0.15591833,50.28573,23.131063,33.09912,12.364466,-38.430325,15.751144,0.35725752,0.15897863,0.20188126,0.13171168,0.6070052,0.12042002,0.7302202,0.024712756,0.6967889,0.16118947,0.6070052,0.12042002,31.997358,13.348492,40.881676,5.9605813,-49.484413,6.150637,0.16823332,0.095692016,0.060045786,0.05586624,0.46306196,0.089825615,0.70989454,0.020871859,0.88639677,0.100748494,0.46306196,0.089825615,16.511124,7.144878,40.662693,5.249534,-52.113377,5.0540833,2,4989,0.7914022842639594,3152.0,1837.0,0.0001367895492784,0.0003172588832487,522,0.0357020723616715,1151.0,0.0597964527147248,68.68831429144117,89.6406093405492,16,339,0.2623839009287925,80.75,86.24347686767578,0.0025380710659898,0.0123839009287925,0.0337880710659898,636.0,0.0401382234527709,62.554572271386434,63.67551622418879
7.png,0,NMF,16384,14876,5875,2545,0.3949314331809626,0.35858154296875,0.1710809357354127,0.4331914893617021,12,1184,0.4652259332023575,212.0833282470703,348.154541015625,0.0020425531914893,0.0047151277013752,395,0.0672340425531914,1046.0,0.0292303679075565,70.7804054054054,70.05320945945945,0.5324242,0.2195779,0.36839968,0.24469365,0.71776015,0.14398952,0.7519385,0.05297567,0.5317808,0.23387907,0.7184553,0.14518549,47.82126,21.513422,35.81095,11.929671,-40.813816,14.700085,0.36134887,0.15755878,0.19682574,0.15284227,0.60997176,0.12049194,0.73255885,0.022112316,0.70905554,0.17818622,0.610008,0.12059608,32.044144,14.323749,41.634476,7.697553,-49.897877,7.664155,0.25007313,0.107286066,0.08463938,0.057800543,0.5234976,0.08864183,0.72752213,0.022948274,0.8511242,0.09678794,0.5234976,0.08864183,21.572565,7.4417553,44.765903,5.779676,-53.524136,4.401386,2,3236,0.5508085106382978,2937.5,298.5,0.0001344447432105,0.0003404255319148,491,0.0330061844581876,1075.207106781187,0.0638606717292485,35.18541409147095,66.25247218788628,12,1184,0.4652259332023575,212.0833282470703,348.154541015625,0.0020425531914893,0.0047151277013752,0.0672340425531914,1046.0,0.0292303679075565,70.7804054054054,70.05320945945945
8.png,1,AMF,16384,15179,5974,1859,0.393570063904078,0.3646240234375,0.1224718360893339,0.3111817877469032,18,438,0.235610543302851,103.27777862548828,128.6229705810547,0.0030130565785068,0.0096826250672404,283,0.0473719450954134,826.0,0.0342396375837545,97.73287671232876,71.36986301369863,0.5546828,0.21201335,0.3736415,0.23310693,0.71404344,0.14981067,0.75843805,0.05228161,0.52339244,0.22709483,0.7210636,0.14617285,48.914738,20.273048,35.927147,12.621084,-38.375164,13.687762,0.41654474,0.19382855,0.19186597,0.13899356,0.5950205,0.13025361,0.75640666,0.055229392,0.7142791,0.16620025,0.6123081,0.13121684,33.72011,13.848608,44.10663,10.367066,-44.664818,11.300023,0.26284745,0.16948135,0.06688833,0.055569794,0.46568435,0.106098495,0.7432327,0.06111034,0.8753522,0.098881364,0.48459813,0.10998491,20.628124,9.240454,43.24352,10.639213,-45.54088,13.006006,4,3251,0.5441914964847673,1493.5,1036.2216796875,0.0002635219711443,0.000669568128557,519,0.0341919757559786,1025.6213203435595,0.0713675851306244,30.134112580744382,87.07259304829283,18,438,0.235610543302851,103.27777862548828,128.6229705810547,0.0030130565785068,0.0096826250672404,0.0473719450954134,826.0,0.0342396375837545,97.73287671232876,71.36986301369863
9.png,0,NMF,16384,15717,3327,817,0.2116816186295094,0.20306396484375,0.051981930393841,0.2455665764953411,8,629,0.769889840881273,102.125,200.09898376464844,0.0024045686804929,0.0097919216646266,75,0.0225428313796212,253.0,0.1603950193243363,63.02225755166932,64.56279809220986,0.5370692,0.1859427,0.36238042,0.19345497,0.7196901,0.1235754,0.7506174,0.04290923,0.5276184,0.19010516,0.72005796,0.12392311,47.5954,17.50934,36.98897,9.124057,-41.439022,11.236982,0.34093383,0.14735822,0.16965744,0.11187046,0.58709115,0.11207909,0.73471224,0.023372294,0.7382292,0.15171996,0.58760893,0.11173028,29.52341,11.814362,43.010265,4.3529983,-50.43537,5.053614,0.13376543,0.070085995,0.024407482,0.03639917,0.43095055,0.0658673,0.71067744,0.014682025,0.9523534,0.069451556,0.43095055,0.0658673,13.166698,5.1282835,41.530106,3.2050483,-52.488533,3.4678516,3,2888,0.8680492936579501,1109.0,1258.240234375,0.0001908761213972,0.0009017132551848,290,0.0184513584017306,585.0,0.1221661627115873,56.24826869806094,86.9494459833795,8,629,0.769889840881273,102.125,200.09898376464844,0.0024045686804929,0.0097919216646266,0.0225428313796212,253.0,0.1603950193243363,63.02225755166932,64.56279809220986
10.png,0,NMF,16384,14660,5692,1611,0.3882673942701228,0.347412109375,0.1098908594815825,0.2830288123682361,19,527,0.3271260086902545,84.78947448730469,118.97525787353516,0.0033380182712579,0.0117939168218497,262,0.0460295151089248,759.0,0.0351416260208766,62.96015180265655,63.63567362428842,0.5564683,0.2307719,0.40712768,0.24949841,0.72676504,0.15401755,0.7500717,0.06602038,0.48798832,0.2341581,0.7298643,0.15243399,50.755707,22.2317,32.719032,12.0071535,-37.406933,15.038957,0.35651454,0.1755639,0.20990591,0.15595089,0.59547144,0.13384563,0.72902095,0.036459796,0.6859309,0.18132758,0.60176766,0.13107927,32.36541,15.069712,38.85189,7.9714923,-47.047462,9.693055,0.21013893,0.14923982,0.06926046,0.063003264,0.46248764,0.09540387,0.7229951,0.050591387,0.8706016,0.11240403,0.47584882,0.10033781,18.635403,8.846186,41.14199,7.703426,-48.465607,11.088918,6,1695,0.2977863668306394,948.6666870117188,440.777587890625,0.0004092769440654,0.0010541110330288,484,0.0330150068212824,1248.0,0.0459246214051022,14.0047197640118,42.630678466076695,19,527,0.3271260086902545,84.78947448730469,118.97525787353516,0.0033380182712579,0.0117939168218497,0.0460295151089248,759.0,0.0351416260208766,62.96015180265655,63.63567362428842
11.png,0,NMF,16384,14744,6090,965,0.4130493760173629,0.3717041015625,0.0654503526858383,0.1584564860426929,12,361,0.3740932642487046,80.41666412353516,98.23650360107422,0.0019704433497536,0.0124352331606217,155,0.0254515599343185,470.0,0.0548960961650366,62.77839335180055,61.46260387811634,0.5811927,0.21086411,0.41452852,0.23907988,0.73513603,0.1460548,0.7536038,0.0797792,0.48011497,0.22501221,0.7421951,0.14201683,52.20035,20.561583,33.505806,13.098306,-36.32772,14.958613,0.42207223,0.16826081,0.21983598,0.12632453,0.6151983,0.12454127,0.7486458,0.050218042,0.6733677,0.16063452,0.6298098,0.11911344,35.563374,12.203857,42.125153,9.37741,-44.83847,11.0001955,0.25900632,0.21062303,0.050824106,0.05442666,0.43691644,0.11378466,0.7469215,0.074064806,0.9048021,0.10018324,0.46385464,0.12757124,19.64342,11.031215,43.142635,12.471191,-42.382484,14.338412,4,3720,0.6108374384236454,1522.5,1359.9937744140625,0.0002712967986977,0.0006568144499178,706,0.0478838849701573,1510.6213203435595,0.0335363610756026,97.0787634408602,56.73602150537634,12,361,0.3740932642487046,80.41666412353516,98.23650360107422,0.0019704433497536,0.0124352331606217,0.0254515599343185,470.0,0.0548960961650366,62.77839335180055,61.46260387811634
12.png,0,NMF,16384,14629,6762,945,0.4622325517807095,0.4127197265625,0.0645977168637637,0.139751552795031,5,792,0.8380952380952381,189.0,302.343505859375,0.0007394262052647,0.0052910052910052,77,0.0113871635610766,252.0,0.1869995627136781,62.4040404040404,62.64772727272727,0.5659254,0.23289326,0.43248925,0.2526005,0.7432058,0.15128405,0.7425776,0.06885249,0.4646472,0.23621729,0.7440292,0.1523951,52.642635,22.56243,30.89631,11.950936,-36.886467,15.431862,0.37291855,0.15366097,0.23014465,0.14240639,0.622634,0.12060231,0.7276553,0.02177219,0.66035366,0.16988607,0.622634,0.12060231,34.208073,13.819912,38.8386,6.2994857,-48.320206,7.3329787,0.15683682,0.09286312,0.038925633,0.052516107,0.43971813,0.096797094,0.71432453,0.022361102,0.92774624,0.09390343,0.43971813,0.096797094,14.683169,7.111692,40.866985,5.824147,-51.236977,6.450376,6,3567,0.5275066548358474,1127.0,1156.0079345703125,0.0004101442340556,0.0008873114463176,701,0.0479185180121676,1629.207106781187,0.0320134470047526,36.47294645360247,50.5542472666106,5,792,0.8380952380952381,189.0,302.343505859375,0.0007394262052647,0.0052910052910052,0.0113871635610766,252.0,0.1869995627136781,62.4040404040404,62.64772727272727
13.png,0,NMF,16384,14831,5971,524,0.402602656597667,0.36444091796875,0.0353314004450138,0.0877574945570256,4,322,0.6145038167938931,131.0,117.39889526367188,0.0006699045386032,0.0076335877862595,60,0.0100485680790487,196.0,0.1714071793503802,62.97515527950311,67.74223602484471,0.5507988,0.20390362,0.39873892,0.22903195,0.7364332,0.13808869,0.7441743,0.067535006,0.49574926,0.21176945,0.7372595,0.13932621,50.265335,20.159084,33.93896,12.112557,-39.661808,14.838767,0.39484277,0.1326961,0.22664812,0.10462931,0.6375384,0.116217926,0.7344537,0.022508448,0.6645625,0.130882,0.6375384,0.116217926,34.903843,10.969883,41.40831,6.560956,-49.393093,7.417013,0.11150747,0.10090218,0.034208465,0.050133806,0.384979,0.1622861,0.699203,0.03021688,0.9353785,0.09297761,0.384979,0.1622861,12.134054,8.192765,34.360218,14.613679,-45.541252,17.102423,3,2109,0.353207167978563,1990.3333740234373,100.16764068603516,0.0002022790101813,0.0005024284039524,831,0.0560312858202413,1763.6568542494924,0.024122857653381,18.792792792792792,45.11095305832148,4,322,0.6145038167938931,131.0,117.39889526367188,0.0006699045386032,0.0076335877862595,0.0100485680790487,196.0,0.1714071793503802,62.97515527950311,67.74223602484471
14.png,0,NMF,16384,13981,5722,617,0.4092697231957656,0.3492431640625,0.0441313210786066,0.1078294302691366,7,509,0.8249594813614263,88.14286041259766,171.98374938964844,0.0012233484795526,0.0113452188006482,69,0.0120587207270185,204.0,0.1863093682492216,66.32220039292731,61.6385068762279,0.57894075,0.22873196,0.4107313,0.27890825,0.7399901,0.15012114,0.7507109,0.0940969,0.49632525,0.25796458,0.7416983,0.15228425,51.884457,23.69663,34.453403,15.3074045,-37.66374,17.4465,0.382652,0.122335225,0.17355207,0.091167785,0.6099873,0.09772048,0.74579346,0.023392035,0.7323392,0.12374306,0.6099996,0.09772053,31.505314,9.543292,45.795227,5.3702273,-50.768875,5.149667,0.17488074,0.12934814,0.025292754,0.034577694,0.4271385,0.11160598,0.7225301,0.036411405,0.95305824,0.06346699,0.4271385,0.11160598,14.5467615,8.109845,41.547653,9.359535,-49.21637,6.815946,4,2535,0.4430269136665501,1430.5,1041.826904296875,0.0002861025677705,0.00069905627403,573,0.0409841928331306,1177.207106781187,0.051886212140111,63.61420118343195,83.76568047337278,7,509,0.8249594813614263,88.14286041259766,171.98374938964844,0.0012233484795526,0.0113452188006482,0.0120587207270185,204.0,0.1863093682492216,66.32220039292731,61.6385068762279
15.png,0,NMF,16384,14611,6439,1980,0.4406953665046882,0.39300537109375,0.1355143385120799,0.3075011647771393,17,504,0.2545454545454545,116.47058868408205,144.96739196777344,0.0026401615157633,0.0085858585858585,305,0.0473676036651653,870.0,0.0328727887652677,63.382936507936506,61.9781746031746,0.54771453,0.23090872,0.39995572,0.25506133,0.7266439,0.15149656,0.7444869,0.08206312,0.49831936,0.24009748,0.7295926,0.15178514,50.16827,22.470198,33.176613,12.900116,-38.372498,16.06151,0.3628385,0.16670442,0.21850996,0.16141991,0.6147971,0.12789227,0.72746104,0.038316254,0.6787034,0.18207605,0.615003,0.12842888,33.213345,15.28589,39.468678,8.077817,-48.72232,9.723905,0.2122583,0.10751578,0.083900124,0.06345585,0.49655363,0.105284154,0.7175763,0.023625743,0.8491131,0.10798131,0.49655363,0.105284154,19.682177,8.101242,41.636852,6.1737533,-52.21405,7.010305,4,4223,0.6558471812393228,1609.75,1519.0518798828125,0.0002737663404284,0.0006212144742972,521,0.0356580658408048,1137.6213203435595,0.0625219973687537,50.048306890835896,49.25242718446602,17,504,0.2545454545454545,116.47058868408205,144.96739196777344,0.0026401615157633,0.0085858585858585,0.0473676036651653,870.0,0.0328727887652677,63.382936507936506,61.9781746031746
16.png,0,NMF,16384,15448,5261,841,0.3405618850336613,0.32110595703125,0.054440704298291,0.1598555407717164,3,444,0.5279429250891795,280.3333435058594,193.21893310546875,0.0005702337958563,0.0035671819262782,60,0.011404675917126,214.0,0.2307694490059408,64.78603603603604,62.47072072072072,0.53250664,0.20904921,0.3616645,0.22098725,0.6988297,0.15339273,0.7541849,0.042980343,0.529311,0.21769601,0.70355296,0.15332992,47.171825,20.015766,35.317284,11.035349,-38.854378,12.210124,0.35193923,0.15262641,0.15735725,0.09996886,0.5511148,0.12557836,0.74703306,0.037173897,0.74543643,0.14186509,0.55705273,0.12492779,28.58618,11.62701,42.506,6.9834223,-46.150597,7.3162894,0.136727,0.07748131,0.018430442,0.030052325,0.34626138,0.076617636,0.7253603,0.022173768,0.95842975,0.064053565,0.34734052,0.07837373,10.274766,5.7347803,35.71501,5.5705967,-42.80343,5.6246033,1,5261,1.0,5261.0,0.0,6.47332988089073e-05,0.0001900779319521,541,0.0350207146556188,1256.0,0.0419081883406423,47.3885192929101,46.30982702908192,3,444,0.5279429250891795,280.3333435058594,193.21893310546875,0.0005702337958563,0.0035671819262782,0.011404675917126,214.0,0.2307694490059408,64.78603603603604,62.47072072072072
19.png,0,NMF,16384,16087,4703,959,0.2923478585193013,0.28704833984375,0.0596133523963448,0.2039123963427599,9,448,0.4671532846715328,106.55555725097656,143.40240478515625,0.001913672124176,0.0093847758081334,144,0.0306187539868169,386.0,0.0808823687828562,62.299107142857146,63.752232142857146,0.71665573,0.19396992,0.40837747,0.20255204,0.72700727,0.15182815,0.8290706,0.03733129,0.48979133,0.19070937,0.7433633,0.16276498,55.53769,18.263935,43.409294,8.717637,-29.456488,8.073579,0.49119037,0.16121,0.1899103,0.1385639,0.56334716,0.13597831,0.80039865,0.021457128,0.70211124,0.17328148,0.5637931,0.13656606,35.132076,13.988364,46.69137,6.581521,-37.251556,4.717141,0.28718266,0.12535976,0.041295167,0.05008496,0.39881563,0.1103473,0.77632296,0.028952815,0.9173228,0.09625757,0.39882627,0.11033822,18.30923,8.95741,41.85067,10.0637,-38.102173,5.5835605,6,1400,0.2976823304273868,783.8333129882812,409.8647766113281,0.0003729719649406,0.0012757814161173,353,0.0219431839373407,903.0,0.072478524273501,26.752857142857145,20.98357142857143,9,448,0.4671532846715328,106.55555725097656,143.40240478515625,0.001913672124176,0.0093847758081334,0.0306187539868169,386.0,0.0808823687828562,62.299107142857146,63.752232142857146
20.png,0,NMF,16384,15274,3105,473,0.2032866308759984,0.18951416015625,0.0309676574571166,0.1523349436392914,4,366,0.773784355179704,118.25,144.3076171875,0.0012882447665056,0.0084566596194503,45,0.0144927536231884,151.0,0.2606856410066176,62.4207650273224,61.62841530054645,0.7482918,0.20259257,0.46725985,0.22739537,0.7549974,0.16611038,0.827383,0.061524108,0.43755668,0.202626,0.7722607,0.17415668,59.91732,20.08441,39.408245,11.819484,-26.60612,9.515417,0.4684807,0.18377344,0.1871302,0.12736596,0.54099685,0.16050537,0.795315,0.034525465,0.70143455,0.16980587,0.542622,0.16096123,33.66954,14.80497,44.280003,9.822364,-35.80826,6.1835046,0.15187831,0.13025913,0.014457471,0.031450424,0.26496434,0.11947561,0.7423978,0.04664918,0.967912,0.06794316,0.26499638,0.119523086,9.166165,8.434164,27.489634,14.71439,-29.609283,9.023233,4,1649,0.5310789049919484,776.25,505.523193359375,0.0002618829383265,0.0012882447665056,312,0.0204268691894723,785.4142135623731,0.0632519553594671,20.305033353547604,30.3650697392359,4,366,0.773784355179704,118.25,144.3076171875,0.0012882447665056,0.0084566596194503,0.0144927536231884,151.0,0.2606856410066176,62.4207650273224,61.62841530054645
21.png,1,AMF,16384,16087,3980,577,0.2474047367439547,0.242919921875,0.0358674706284577,0.1449748743718593,7,258,0.4471403812824956,82.42857360839844,81.98406982421875,0.0017587939698492,0.0121317157712305,81,0.0203517587939698,273.0,0.0972882481246929,63.75968992248062,62.43410852713178,0.7297675,0.18393615,0.4209599,0.18888222,0.7396126,0.14786044,0.8289289,0.029405694,0.47636062,0.17344028,0.75630724,0.1562616,56.73584,17.158915,43.448463,8.799175,-29.411266,7.4429917,0.5163041,0.1800733,0.22474211,0.15217522,0.5834505,0.15175036,0.80134696,0.029830886,0.66027784,0.18167819,0.58589005,0.15258753,37.849224,15.518668,45.340454,7.464891,-35.903744,5.755525,0.24160764,0.12473109,0.037449628,0.053971216,0.3641627,0.110475145,0.76648635,0.037496366,0.92251253,0.10771032,0.36508888,0.11098789,15.564121,8.901531,38.112816,9.896759,-36.765926,7.0792007,6,1129,0.2836683417085427,663.3333129882812,292.85528564453125,0.0003729719649406,0.0015075376884422,414,0.0257350655809038,1054.6213203435595,0.0449676138031246,26.04517271922055,111.83525243578389,7,258,0.4471403812824956,82.42857360839844,81.98406982421875,0.0017587939698492,0.0121317157712305,0.0203517587939698,273.0,0.0972882481246929,63.75968992248062,62.43410852713178
22.png,0,NMF,16384,15512,3957,560,0.2550928313563693,0.24151611328125,0.0361010830324909,0.1415213545615365,6,330,0.5892857142857143,93.33333587646484,107.60369110107422,0.001516300227445,0.0107142857142857,57,0.0144048521607278,229.0,0.1341920929051913,63.160606060606064,63.912121212121214,0.73626447,0.18745221,0.456949,0.2106186,0.7483124,0.15753976,0.8268165,0.04547262,0.43808636,0.19036454,0.7628955,0.16234888,58.971992,18.564398,39.53493,11.027406,-27.160204,9.253447,0.520648,0.17888218,0.22789924,0.13794063,0.58061665,0.16122076,0.8017867,0.042528696,0.6515521,0.16709049,0.58562243,0.16214071,38.13493,14.792383,44.96262,9.514651,-34.8607,8.081096,0.23934133,0.17367864,0.043403044,0.053584468,0.3291452,0.18268481,0.758413,0.08319537,0.9083458,0.12231906,0.334965,0.18326408,15.595583,11.580138,33.477436,18.741568,-29.937693,15.770276,4,2018,0.5099823098306798,989.25,727.2871704101562,0.0002578648788035,0.0010108668182966,392,0.0252707581227436,961.8284271247462,0.0537502758013418,89.06045589692765,108.76808721506444,6,330,0.5892857142857143,93.33333587646484,107.60369110107422,0.001516300227445,0.0107142857142857,0.0144048521607278,229.0,0.1341920929051913,63.160606060606064,63.912121212121214
23.png,0,NMF,16384,14744,3852,516,0.2612588171459576,0.235107421875,0.034997287032013,0.1339563862928348,11,230,0.4457364341085271,46.90909194946289,61.5592155456543,0.0028556593977154,0.0213178294573643,58,0.0150571131879543,255.0,0.0997192962246725,64.76521739130435,63.89565217391304,0.7646268,0.19003028,0.45965564,0.23868868,0.7592714,0.15934046,0.8316066,0.07133299,0.45322323,0.21548408,0.7813389,0.1670504,60.276127,19.934366,41.680256,14.592582,-26.705978,10.34691,0.5239514,0.17813125,0.20293511,0.13924704,0.576767,0.15340127,0.8059473,0.043994155,0.6898985,0.1728463,0.57976013,0.15497163,37.150536,14.637752,47.752193,8.982242,-35.89232,6.019672,0.24398483,0.1582598,0.032151487,0.048255585,0.33914706,0.15187207,0.75693417,0.0961018,0.92366767,0.13692228,0.3397719,0.15220709,15.349506,10.4871435,35.59354,16.630491,-32.342632,11.434402,8,1671,0.4338006230529595,481.5,479.3787536621094,0.0005425935973955,0.0020768431983385,373,0.0252984264785675,1014.4142135623732,0.0470398026452397,97.37642130460802,89.15619389587074,11,230,0.4457364341085271,46.90909194946289,61.5592155456543,0.0028556593977154,0.0213178294573643,0.0150571131879543,255.0,0.0997192962246725,64.76521739130435,63.89565217391304
24.png,1,AMF,16384,13990,3609,1060,0.2579699785561115,0.22027587890625,0.0757684060042887,0.2937101690218897,13,379,0.3575471698113207,81.53845977783203,102.46021270751952,0.0036021058464948,0.0122641509433962,160,0.0443336104183984,498.0,0.0537102339124398,64.81530343007915,66.01583113456465,0.7485618,0.21261248,0.47635984,0.27281404,0.75572914,0.17788905,0.82466036,0.093626335,0.43853348,0.24403718,0.7741327,0.18307579,60.58986,22.883673,38.20542,16.12408,-25.69232,12.089441,0.46787563,0.16671613,0.1808155,0.14668165,0.54185504,0.14745857,0.79918367,0.029713297,0.7137173,0.17793843,0.5459244,0.14881358,33.542023,14.727795,45.17326,7.323132,-36.374542,6.750923,0.29799533,0.11227162,0.046723947,0.049506187,0.39134985,0.10031286,0.7860819,0.032008234,0.9007112,0.10091097,0.39403453,0.09925201,18.848715,8.072396,41.663956,8.718778,-36.02807,7.0591083,5,2224,0.6162371848157384,721.7999877929688,765.2940063476562,0.0003573981415296,0.0013854253255749,332,0.0237312365975696,834.0,0.0652025596029971,90.41501798561151,21.887140287769785,13,379,0.3575471698113207,81.53845977783203,102.46021270751952,0.0036021058464948,0.0122641509433962,0.0443336104183984,498.0,0.0537102339124398,64.81530343007915,66.01583113456465
25.png,0,NMF,16384,14172,3198,625,0.2256562235393734,0.1951904296875,0.0441010443127293,0.1954346466541588,4,358,0.5728,156.25,130.66058349609375,0.0012507817385866,0.0064,73,0.0228267667292057,229.0,0.1497679608316867,62.45810055865922,63.089385474860336,0.7859537,0.19158427,0.5129347,0.24235709,0.7814903,0.16578051,0.8257651,0.09093187,0.40201446,0.21050507,0.80291766,0.17055462,63.907246,20.438683,37.49754,14.894047,-24.223463,10.6738405,0.5033524,0.19355837,0.2104694,0.14300118,0.55945116,0.17340925,0.80207175,0.038880736,0.67806,0.17911218,0.5653341,0.17556848,36.371075,15.807067,44.628788,10.6560955,-34.25971,8.147777,0.22492917,0.15800074,0.03135354,0.04612563,0.31322005,0.16281964,0.760993,0.054976925,0.93547314,0.09219506,0.31499782,0.16375524,14.086498,10.511836,32.931824,17.69784,-29.811007,13.580895,5,1149,0.3592870544090056,639.5999755859375,413.9625854492188,0.0003528083545018,0.0015634771732332,371,0.0261783799040361,854.6213203435597,0.0550225707352971,107.98955613577024,112.64838990426458,4,358,0.5728,156.25,130.66058349609375,0.0012507817385866,0.0064,0.0228267667292057,229.0,0.1497679608316867,62.45810055865922,63.089385474860336
27.png,0,NMF,16384,14394,4225,580,0.2935250798944004,0.25787353515625,0.0402945671807697,0.1372781065088757,3,298,0.5137931034482759,193.3333282470703,74.45953369140625,0.0007100591715976,0.0051724137931034,61,0.0144378698224852,247.0,0.119465897758172,61.88590604026846,61.855704697986575,0.7777431,0.19130869,0.5074952,0.23505054,0.7763566,0.16647291,0.83398443,0.047103215,0.40021414,0.20482743,0.79352796,0.17224328,63.28116,20.068768,37.281246,13.467492,-24.45267,10.011114,0.55686426,0.1929243,0.24899645,0.14729197,0.59781003,0.16982706,0.80838555,0.05522349,0.62931144,0.17928618,0.60239923,0.1724991,40.584118,15.897494,45.589268,9.585402,-33.497803,6.976942,0.2371677,0.1659294,0.038137566,0.054592345,0.32016855,0.17542785,0.7481795,0.12507664,0.9008742,0.17236218,0.3213179,0.17581785,15.051852,11.25858,32.970264,18.51016,-29.336206,14.145418,7,1749,0.4139644970414201,603.5714111328125,533.41748046875,0.0004863137418368,0.0016568047337278,539,0.0374461581214394,1261.207106781187,0.033378265030369,32.126929674099486,32.26986849628359,3,298,0.5137931034482759,193.3333282470703,74.45953369140625,0.0007100591715976,0.0051724137931034,0.0144378698224852,247.0,0.119465897758172,61.88590604026846,61.855704697986575
28.png,0,NMF,16384,15430,3618,750,0.2344782890473104,0.2208251953125,0.0486066104990278,0.2072968490878938,13,199,0.2653333333333333,57.69230651855469,46.80299758911133,0.0035931453841901,0.0173333333333333,119,0.0328911000552791,398.0,0.0594983583796455,67.56281407035176,59.52261306532663,0.7721807,0.18590145,0.45904067,0.22029161,0.7601657,0.1602803,0.8354176,0.063777514,0.45592684,0.19862424,0.7895536,0.16539256,60.446407,18.72096,42.426105,12.383541,-26.50755,9.447036,0.55083567,0.18510492,0.21769015,0.14727862,0.58469707,0.16088104,0.81402797,0.05834447,0.67695457,0.17438228,0.60120565,0.16307886,39.03488,15.012756,48.22303,9.325495,-34.04271,8.833808,0.34904334,0.17661077,0.05853622,0.058774274,0.40663773,0.16194092,0.78650886,0.10905319,0.8816384,0.13277781,0.42268842,0.15785782,22.202057,11.344609,43.333996,15.806344,-32.554573,13.994599,4,1481,0.4093421779988944,904.5,427.4134521484375,0.0002592352559948,0.0011055831951354,408,0.0264419961114711,1055.6213203435595,0.0408001838822014,103.27413909520594,92.0303848750844,13,199,0.2653333333333333,57.69230651855469,46.80299758911133,0.0035931453841901,0.0173333333333333,0.0328911000552791,398.0,0.0594983583796455,67.56281407035176,59.52261306532663
29.png,0,NMF,16384,15292,4256,879,0.2783154590635626,0.259765625,0.0574810358357311,0.206531954887218,17,306,0.3481228668941979,51.70588302612305,68.38021850585938,0.0039943609022556,0.0193401592718998,117,0.0274906015037594,459.0,0.0524292165407498,62.01633986928105,63.35947712418301,0.76429063,0.20003837,0.48648837,0.22443068,0.7625569,0.16821615,0.83219737,0.059828773,0.42003137,0.19883735,0.783086,0.17700534,61.505135,19.861515,38.416927,11.548876,-25.186129,9.163392,0.532808,0.19420822,0.24967091,0.16665839,0.5864143,0.17610046,0.80349493,0.03999185,0.6273225,0.1891409,0.58857095,0.17752504,39.608555,17.036083,43.1897,9.540949,-33.29243,7.222748,0.28682655,0.165235,0.063954666,0.06637507,0.36627385,0.16387184,0.7719223,0.07179181,0.8665409,0.13884762,0.36709708,0.16391459,18.7287,11.604226,36.444263,16.228056,-31.30506,11.575792,3,2371,0.5570958646616542,1418.6666259765625,751.4769287109375,0.0001961810096782,0.0007048872180451,345,0.0225608161130002,787.4142135623731,0.0862591120906367,78.1678616617461,21.25727541121889,17,306,0.3481228668941979,51.70588302612305,68.38021850585938,0.0039943609022556,0.0193401592718998,0.0274906015037594,459.0,0.0524292165407498,62.01633986928105,63.35947712418301
30.png,0,NMF,16384,15163,3239,487,0.2136120820418123,0.19769287109375,0.0321176548176482,0.150355047854276,7,197,0.4045174537987679,69.57142639160156,68.99246215820312,0.0021611608521148,0.0143737166324435,89,0.0274776165483173,287.0,0.0742976421856877,65.82233502538071,61.34010152284264,0.7959715,0.18296593,0.5135131,0.22160771,0.7808692,0.16187367,0.8419343,0.04047983,0.39787877,0.19359332,0.8043383,0.1698224,64.194435,18.972193,38.05055,11.981944,-23.655188,8.621637,0.589579,0.16982405,0.25120988,0.13764682,0.60887164,0.14592695,0.8229887,0.024528518,0.6289665,0.16716509,0.6151867,0.14956424,42.08956,14.260155,48.177437,7.340579,-32.937004,4.909558,0.31655064,0.15453675,0.04961031,0.05763062,0.3848229,0.14015566,0.7902708,0.038163327,0.90141046,0.11099528,0.38492498,0.14020245,19.663124,10.793689,40.944565,14.192612,-33.10544,8.18852,3,2576,0.7953071935782648,1079.6666259765625,1058.1639404296875,0.0001978500296775,0.0009262117937635,295,0.0194552529182879,711.0,0.0805158923564191,28.940217391304348,38.19642857142857,7,197,0.4045174537987679,69.57142639160156,68.99246215820312,0.0021611608521148,0.0143737166324435,0.0274776165483173,287.0,0.0742976421856877,65.82233502538071,61.34010152284264
32.png,0,NMF,16384,15763,4611,1063,0.292520459303432,0.28143310546875,0.0674364017001839,0.2305356755584472,11,213,0.2003762935089369,96.63636016845705,70.07174682617188,0.0023855996530036,0.0103480714957666,186,0.040338321405335,548.0,0.0444817650216573,64.49295774647888,62.821596244131456,0.7411864,0.19808969,0.435618,0.21881992,0.73613745,0.1669408,0.83350956,0.052957557,0.46991,0.19860391,0.76001984,0.17694151,57.85668,19.351385,42.035408,10.34559,-27.035955,8.242171,0.510032,0.1688653,0.19904618,0.13960852,0.5557873,0.15003842,0.81062865,0.026390765,0.68789846,0.17377229,0.5601774,0.15136518,36.115536,14.414492,46.339428,7.4625125,-34.31685,5.4065223,0.3066839,0.13070753,0.045961596,0.050724603,0.37723923,0.11858976,0.7927488,0.037042905,0.9034439,0.101674765,0.3806469,0.119102314,18.989853,9.119027,40.941658,11.569339,-33.192955,8.164849,7,1575,0.3415744957709824,658.7142944335938,461.5646362304688,0.0004440779039522,0.0015181088700932,465,0.0294994607625452,1128.0,0.0455393457500331,15.2,35.43492063492064,11,213,0.2003762935089369,96.63636016845705,70.07174682617188,0.0023855996530036,0.0103480714957666,0.040338321405335,548.0,0.0444817650216573,64.49295774647888,62.821596244131456
33.png,0,NMF,16384,13362,4213,930,0.3152971112108966,0.25714111328125,0.0696003592276605,0.2207453121291241,15,220,0.2365591397849462,62.0,58.0333251953125,0.0035604082601471,0.0161290322580645,158,0.0375029670068834,491.0,0.0484763406131301,81.57727272727273,60.60909090909091,0.76467264,0.2132853,0.52395606,0.27851358,0.7675439,0.18763107,0.8244615,0.090002276,0.3862079,0.24358538,0.78166133,0.19292042,63.713146,23.496689,33.634434,15.304439,-22.484938,11.344647,0.5148656,0.18459286,0.2226664,0.16349164,0.5614691,0.16378817,0.8096444,0.024312265,0.6578692,0.19460797,0.5637423,0.16600905,37.35574,16.442902,44.09553,7.3912554,-33.160206,5.606097,0.3037635,0.1277092,0.053152967,0.05912324,0.37707746,0.117026664,0.7894305,0.031958055,0.8874056,0.1189102,0.3772007,0.11713825,19.02417,9.342105,40.06157,11.131444,-33.15058,6.883839,4,1887,0.4478993591265132,1053.25,587.71435546875,0.0002993563837748,0.0009494422027059,425,0.0318066157760814,1030.414213562373,0.0498629124519766,97.71436142024378,25.80127186009539,15,220,0.2365591397849462,62.0,58.0333251953125,0.0035604082601471,0.0161290322580645,0.0375029670068834,491.0,0.0484763406131301,81.57727272727273,60.60909090909091
34.png,0,NMF,16384,14679,3233,647,0.2202466108045507,0.19732666015625,0.0440765719735676,0.2001237240952675,11,237,0.366306027820711,58.81818008422852,77.85980224609375,0.0034024126198577,0.017001545595054,102,0.0315496442932261,333.0,0.0733205438545787,63.628691983122366,68.40506329113924,0.7752482,0.18196096,0.45443803,0.24489324,0.7623332,0.15701956,0.83270216,0.08063603,0.46513617,0.22119299,0.78854835,0.16321021,60.485874,19.825333,43.196022,15.23473,-26.837112,10.321195,0.5520487,0.17700423,0.1994772,0.14739066,0.58943504,0.14491054,0.8166461,0.025259865,0.7071017,0.1794999,0.59793323,0.14966632,38.345303,14.712316,50.554184,7.24783,-36.02433,5.162627,0.3379613,0.124496326,0.037401516,0.049049877,0.42279693,0.10480908,0.7936811,0.027021362,0.92888564,0.09072441,0.42374605,0.10507087,20.948473,8.752743,46.064823,8.821765,-37.81319,5.3166227,5,2103,0.6504794308691618,646.5999755859375,773.9699096679688,0.0003406226582192,0.0015465511908444,367,0.025001703113291,833.6213203435597,0.0584625752310565,91.90394674274846,91.83547313361863,11,237,0.366306027820711,58.81818008422852,77.85980224609375,0.0034024126198577,0.017001545595054,0.0315496442932261,333.0,0.0733205438545787,63.628691983122366,68.40506329113924
36.png,0,NMF,16384,16384,5929,993,0.36187744140625,0.36187744140625,0.06060791015625,0.1674818687805701,18,615,0.6193353474320241,55.16666793823242,137.26141357421875,0.0030359251138471,0.0181268882175226,105,0.0177095631641086,373.0,0.0896894681918123,64.63739837398374,65.38861788617886,0.65215683,0.1746916,0.16039158,0.10501687,0.7244617,0.114159174,0.81115645,0.024356764,0.79604065,0.10749411,0.7300312,0.119282104,43.19061,11.615958,66.47395,7.6970835,-48.851704,4.8880095,0.4752854,0.11759647,0.08361878,0.060788523,0.6241833,0.08962262,0.78683335,0.01797083,0.87569666,0.079227105,0.62423885,0.08963806,32.176224,7.7432337,59.27045,5.95498,-51.768383,4.2049837,0.3289964,0.07082181,0.024576481,0.026571518,0.51216716,0.05706953,0.7703666,0.015817927,0.95534045,0.046327222,0.51216716,0.05706953,22.446905,4.4633455,51.53308,4.279287,-50.300037,4.1240764,4,2266,0.3821892393320965,1482.25,504.0998840332031,0.000244140625,0.0006746500252993,526,0.0321044921875,1259.414213562373,0.0469736311881111,104.54986760812004,84.03089143865843,18,615,0.6193353474320241,55.16666793823242,137.26141357421875,0.0030359251138471,0.0181268882175226,0.0177095631641086,373.0,0.0896894681918123,64.63739837398374,65.38861788617886
37.png,0,NMF,16384,16226,6454,938,0.3977566867989646,0.3939208984375,0.0578084555651423,0.1453362255965292,16,322,0.3432835820895522,58.625,90.70823669433594,0.0024790827393864,0.0170575692963752,125,0.0193678339014564,437.0,0.0617233982283454,64.45341614906832,62.3416149068323,0.5954152,0.20443852,0.20835572,0.16882952,0.6797223,0.14525646,0.80326766,0.03255044,0.72882956,0.1695827,0.6847971,0.15021017,41.868877,16.150969,56.64618,9.413699,-44.2414,7.8105297,0.42584518,0.1317765,0.092996836,0.07127243,0.5655274,0.10202711,0.78301114,0.023205075,0.84955573,0.09497065,0.5658799,0.102667086,29.186268,9.110346,53.415928,6.72126,-47.477287,5.048752,0.26190743,0.10062444,0.031991456,0.029070033,0.43847644,0.0905137,0.7581984,0.023245776,0.9330897,0.05683569,0.43849346,0.0905099,17.98929,6.776321,44.422813,7.6396837,-45.489025,5.5041547,8,1908,0.2956306166718314,806.75,514.4953002929688,0.0004930358683594,0.0012395413696932,599,0.0369160606434118,1444.0,0.0388959549617262,27.306603773584907,31.76310272536688,16,322,0.3432835820895522,58.625,90.70823669433594,0.0024790827393864,0.0170575692963752,0.0193678339014564,437.0,0.0617233982283454,64.45341614906832,62.3416149068323
38.png,1,AMF,16384,15049,5564,1493,0.3697255631603429,0.339599609375,0.0992092497840388,0.268332135154565,11,526,0.3523107836570663,135.72727966308594,153.4672393798828,0.0019769949676491,0.0073677160080375,266,0.0478073328540618,716.0,0.036596843355463,8.8212927756654,103.22053231939164,0.6363012,0.2118324,0.24193804,0.2680588,0.6905184,0.15991451,0.8044042,0.08087992,0.7081367,0.25798756,0.69816285,0.16544738,45.71415,21.260817,54.35001,17.647697,-39.735653,12.833068,0.43846968,0.11407017,0.06993933,0.050964452,0.5532029,0.0803808,0.79278684,0.022455504,0.88215315,0.07397459,0.553932,0.081221975,28.913277,7.287903,55.082024,6.2771983,-46.04443,4.5593505,0.31921852,0.067384295,0.030675968,0.024865262,0.46919924,0.054551877,0.77578175,0.017617341,0.9376586,0.04923297,0.4692773,0.054435946,21.137636,4.3363876,48.394543,4.396312,-45.486107,4.062679,2,3733,0.6709202012940331,2782.0,951.0,0.0001328991959598,0.0003594536304816,556,0.0369459764768423,1191.0,0.0492916620654731,41.660058933833376,88.53388695419234,11,526,0.3523107836570663,135.72727966308594,153.4672393798828,0.0019769949676491,0.0073677160080375,0.0478073328540618,716.0,0.036596843355463,8.8212927756654,103.22053231939164
39.png,0,NMF,16384,16384,5655,1027,0.34515380859375,0.34515380859375,0.06268310546875,0.1816091954022988,13,381,0.370983446932814,79.0,115.57015991210938,0.0022988505747126,0.0126582278481012,181,0.0320070733863837,466.0,0.0594303754947911,21.341207349081365,17.88451443569554,0.6772092,0.17249109,0.19531173,0.119871356,0.73384094,0.11975254,0.8152922,0.024708042,0.75447434,0.1214641,0.7412341,0.1248546,45.40603,12.140938,65.17062,7.568363,-46.6322,5.608339,0.51837975,0.14374535,0.10493223,0.07410989,0.63513285,0.10542875,0.7957673,0.023362359,0.84787756,0.09237321,0.6359891,0.10600251,34.67568,9.421523,60.19562,7.149963,-49.26467,5.200518,0.3345469,0.09390087,0.03537114,0.034077346,0.5083225,0.07878943,0.77117515,0.020744374,0.93530834,0.06051899,0.5083308,0.07877647,22.802414,6.046668,50.853817,6.196165,-49.00397,5.511456,8,1309,0.2314765694076039,706.875,402.6733703613281,0.00048828125,0.0014146772767462,537,0.03277587890625,1380.207106781187,0.0373038756457845,87.04660045836516,52.08708938120703,13,381,0.370983446932814,79.0,115.57015991210938,0.0022988505747126,0.0126582278481012,0.0320070733863837,466.0,0.0594303754947911,21.341207349081365,17.88451443569554
41.png,0,NMF,16384,15481,6588,1938,0.4255539047865125,0.402099609375,0.1251857115173438,0.2941712204007286,18,493,0.2543859649122807,107.66666412353516,148.7593231201172,0.0027322404371584,0.0092879256965944,322,0.048876745598057,828.0,0.0355224542151334,19.54158215010142,65.15212981744422,0.6358357,0.20961891,0.24972172,0.24193193,0.69795454,0.15557878,0.80603635,0.05966045,0.69377285,0.23739527,0.70406604,0.16008046,45.80396,19.907944,54.442398,15.307539,-40.685204,11.469584,0.45049956,0.12920542,0.08302161,0.060531534,0.5654637,0.09396203,0.79248106,0.02329946,0.86514574,0.08374675,0.5665566,0.09516391,29.936926,8.517384,55.341953,6.885084,-46.239403,4.732688,0.30566862,0.07747795,0.027467044,0.024523918,0.4608686,0.06525877,0.77283245,0.018776705,0.9439651,0.047960408,0.4609981,0.06524257,20.275995,5.0644274,47.654213,5.3816423,-45.506794,4.7245865,2,4116,0.6247723132969034,3294.0,822.0,0.0001291906207609,0.0003035822707953,452,0.0291970802919708,884.0,0.1059397453054276,46.98250728862974,54.11345966958212,18,493,0.2543859649122807,107.66666412353516,148.7593231201172,0.0027322404371584,0.0092879256965944,0.048876745598057,828.0,0.0355224542151334,19.54158215010142,65.15212981744422
42.png,1,AMF,16384,16372,4658,691,0.2845101392621549,0.2843017578125,0.0422062057170779,0.148346930012881,19,246,0.3560057887120115,36.3684196472168,60.74382019042969,0.0040790038643194,0.0274963820549927,122,0.0261914984972091,384.0,0.0588878180238321,64.26016260162602,65.4959349593496,0.65943,0.16194296,0.16363834,0.1215623,0.6944883,0.11261399,0.8216459,0.022955576,0.78715575,0.12358862,0.7066759,0.12157024,43.23815,11.689551,64.92109,7.425281,-44.261642,5.224385,0.5066151,0.12283261,0.08167772,0.05753109,0.6002435,0.08123839,0.80257976,0.023206912,0.87331307,0.07825861,0.6023859,0.08232985,33.022785,7.6886196,59.635017,6.169937,-46.649097,4.9361587,0.34494084,0.07971532,0.029136516,0.027831048,0.5114689,0.057127524,0.7753346,0.019146606,0.9464634,0.04970446,0.5115473,0.056978494,23.194872,4.871534,51.829334,4.54528,-48.938004,4.508934,4,3404,0.7307857449549163,1164.5,1324.99072265625,0.0002443195699975,0.0008587376556462,555,0.033899340337161,1183.278174593052,0.0418057135089023,44.49529964747356,58.8927732079906,19,246,0.3560057887120115,36.3684196472168,60.74382019042969,0.0040790038643194,0.0274963820549927,0.0261914984972091,384.0,0.0588878180238321,64.26016260162602,65.4959349593496
43.png,0,NMF,16384,16324,6002,1459,0.3676794903209998,0.3663330078125,0.0893776035285469,0.2430856381206264,14,317,0.2172721041809458,104.21428680419922,95.9547348022461,0.0023325558147284,0.0095956134338588,203,0.0338220593135621,670.0,0.0408428040239475,90.20820189274448,102.17981072555204,0.6409738,0.18095967,0.19179592,0.14964649,0.6917652,0.12573917,0.8164656,0.025590314,0.7523009,0.1512524,0.7013606,0.13474274,43.332096,13.919598,61.260334,8.428209,-43.711636,6.8635902,0.47621444,0.12969998,0.09135446,0.07016917,0.5907631,0.09419043,0.7944425,0.021793256,0.85804236,0.09203183,0.59155905,0.09543897,31.75386,8.687439,57.077927,6.21459,-47.232224,4.6253552,0.34075204,0.08413841,0.033399265,0.028388232,0.497676,0.06385063,0.77638894,0.020500366,0.9367585,0.051878784,0.4976871,0.06384951,22.782518,5.224178,50.667778,5.0796056,-47.366726,4.7741365,5,3280,0.5464845051649451,1200.4000244140625,1117.1177978515625,0.0003062974761087,0.0008330556481172,547,0.0335089438863023,1211.0,0.0514301236923192,70.72560975609755,17.741158536585367,14,317,0.2172721041809458,104.21428680419922,95.9547348022461,0.0023325558147284,0.0095956134338588,0.0338220593135621,670.0,0.0408428040239475,90.20820189274448,102.17981072555204
44.png,0,NMF,16384,16355,4461,722,0.2727606236624885,0.27227783203125,0.0441455212473249,0.1618471194799372,13,233,0.3227146814404432,55.53845977783203,61.59622573852539,0.0029141448105805,0.0180055401662049,120,0.0268997982515131,377.0,0.0638358081993634,62.97854077253219,65.9656652360515,0.66490656,0.16808061,0.18968265,0.12466643,0.7203497,0.11977587,0.8153271,0.027492577,0.7583558,0.12674108,0.72761726,0.1249273,44.567047,12.195262,64.2959,7.5610843,-45.9854,5.8091507,0.50890124,0.13357458,0.09424434,0.06607177,0.61712766,0.095094636,0.7980693,0.022269959,0.85851526,0.085187376,0.6184604,0.09636326,33.679665,8.666911,59.68617,6.7935543,-48.151512,4.9468284,0.33840218,0.08729287,0.030101193,0.029495059,0.5010327,0.07199747,0.77493066,0.019067967,0.9445041,0.052813835,0.5011266,0.07201681,22.65562,5.635382,50.939014,5.6940837,-48.08748,4.8526874,6,1270,0.2846895314951804,743.5,370.4311828613281,0.0003668602873738,0.0013449899125756,512,0.0313054111892387,1224.207106781187,0.0374052269916095,98.58267716535433,104.94488188976378,13,233,0.3227146814404432,55.53845977783203,61.59622573852539,0.0029141448105805,0.0180055401662049,0.0268997982515131,377.0,0.0638358081993634,62.97854077253219,65.9656652360515
45.png,0,NMF,16384,15642,6083,1154,0.3888888888888889,0.37127685546875,0.0737757320035801,0.1897090251520631,17,307,0.2660311958405545,67.88235473632812,87.43325805664062,0.0027946736807496,0.0147313691507798,196,0.0322209436133486,578.0,0.0434070224523487,62.52442996742671,63.89250814332247,0.6395859,0.1842922,0.22326466,0.21961111,0.69886255,0.13706018,0.81079376,0.044573102,0.72173095,0.215943,0.7049643,0.14192161,44.97663,17.565832,57.47116,14.037634,-42.20203,10.546632,0.47707194,0.11384115,0.08355941,0.054980226,0.5891189,0.08202406,0.7955068,0.020073965,0.8669479,0.0762218,0.5894216,0.08231253,31.554686,7.4123983,57.64603,6.048596,-47.335293,3.9430556,0.32329053,0.08424338,0.026842052,0.025562791,0.4796783,0.06457895,0.77467275,0.019541094,0.9480296,0.047928866,0.4796783,0.06457895,21.45363,5.3418202,49.439648,5.315298,-46.63939,4.0311694,4,3032,0.4984382705901693,1520.75,1083.00439453125,0.0002557217747091,0.0006575702778234,555,0.0354813962408899,1282.0,0.0465105665917545,83.4868073878628,50.70217678100264,17,307,0.2660311958405545,67.88235473632812,87.43325805664062,0.0027946736807496,0.0147313691507798,0.0322209436133486,578.0,0.0434070224523487,62.52442996742671,63.89250814332247
46.png,0,NMF,16384,15864,5984,973,0.3772062531517902,0.365234375,0.061333837619768,0.1626002673796791,11,267,0.2744090441932169,88.45454406738281,82.431640625,0.0018382352941176,0.0113052415210688,142,0.0237299465240641,440.0,0.0631563977674146,64.30337078651685,63.9812734082397,0.6626609,0.17961569,0.2310822,0.21136782,0.71183795,0.13151476,0.81441164,0.044636752,0.7135116,0.20822528,0.7179472,0.13581881,46.30396,16.847689,58.71743,13.477552,-41.996338,9.84277,0.49612892,0.12920709,0.09046575,0.05973645,0.6013995,0.087552495,0.79789686,0.023151781,0.86016226,0.081392094,0.602199,0.08826562,32.74388,8.301234,58.690872,6.519107,-47.269207,4.2035885,0.31230524,0.09936913,0.026178112,0.026811691,0.4821236,0.08239784,0.76943916,0.02205247,0.95151484,0.048244867,0.4821531,0.08241385,20.986116,6.511188,49.300163,6.583414,-47.733715,4.943049,5,2145,0.3584558823529412,1196.800048828125,480.1430358886719,0.0003151790216843,0.0008355614973262,589,0.0371280887544125,1370.414213562373,0.0400403384826509,59.24289044289044,54.76689976689977,11,267,0.2744090441932169,88.45454406738281,82.431640625,0.0018382352941176,0.0113052415210688,0.0237299465240641,440.0,0.0631563977674146,64.30337078651685,63.9812734082397
47.png,0,NMF,16384,15753,5729,1204,0.3636767599822256,0.34967041015625,0.0764298863708499,0.210158840984465,8,399,0.3313953488372093,150.5,131.85693359375,0.0013964042590329,0.0066445182724252,195,0.0340373538139291,542.0,0.0515036227028786,37.283208020050125,36.278195488721806,0.6718706,0.19234367,0.22017774,0.1911469,0.7044373,0.13312906,0.8198378,0.037650343,0.72460455,0.18643016,0.7196297,0.14163552,45.939438,16.354624,60.54668,13.931385,-41.40706,9.293825,0.4699222,0.14263043,0.08983251,0.06396843,0.5796193,0.09505831,0.7942459,0.027330022,0.8578343,0.088176414,0.5814824,0.096913,31.232738,9.094142,56.45135,7.4768047,-46.329285,4.5302176,0.28867176,0.09147578,0.026703097,0.027418481,0.45649356,0.06931189,0.7667337,0.02200679,0.94667655,0.052986726,0.45649356,0.06931189,19.427935,5.8466735,46.978138,5.709904,-46.19305,4.2724147,4,3908,0.6821434805376156,1432.25,1469.1456298828125,0.0002539198882752,0.0006982021295164,567,0.0359931441630165,1271.0,0.0445653770392503,70.58648925281474,46.13050153531218,8,399,0.3313953488372093,150.5,131.85693359375,0.0013964042590329,0.0066445182724252,0.0340373538139291,542.0,0.0515036227028786,37.283208020050125,36.278195488721806
48.png,0,NMF,16384,16339,5405,1386,0.3308035987514536,0.32989501953125,0.0848277128343227,0.2564292321924144,14,910,0.6565656565656566,99.0,228.3315277099609,0.0025901942645698,0.0101010101010101,175,0.032377428307123,477.0,0.0765484385353155,63.096703296703296,65.65384615384616,0.57102054,0.19174239,0.1732747,0.13624208,0.6639037,0.14101876,0.80059904,0.026261745,0.76683575,0.14079201,0.6665426,0.14434548,39.30384,14.316257,58.1148,9.171821,-45.95403,6.105714,0.41354048,0.15105747,0.09669901,0.08816698,0.55785185,0.13352156,0.7788058,0.02219585,0.84802645,0.11095357,0.55786777,0.133547,28.591866,11.215242,51.789684,9.390834,-47.02211,6.08249,0.22918774,0.0939926,0.026380831,0.026538678,0.39606836,0.115283616,0.75603765,0.018199995,0.94212294,0.05382818,0.39606836,0.115283616,15.362428,7.185564,40.664272,9.860651,-42.506016,8.680472,2,4987,0.9226641998149862,2702.5,2284.5,0.0001224065120264,0.0003700277520814,482,0.0294999693983719,976.2071067811866,0.0712724408657745,60.94866653298576,67.43854020453178,14,910,0.6565656565656566,99.0,228.3315277099609,0.0025901942645698,0.0101010101010101,0.032377428307123,477.0,0.0765484385353155,63.096703296703296,65.65384615384616
49.png,0,NMF,16384,15719,6098,1633,0.3879381640053438,0.3721923828125,0.1038870157134677,0.2677927189242374,13,345,0.2112676056338028,125.61538696289062,98.4225845336914,0.0021318465070514,0.0079608083282302,286,0.0469006231551328,737.0,0.0377799233999888,36.82898550724638,62.55652173913043,0.6092851,0.19169797,0.2280984,0.22852978,0.6827098,0.1467571,0.8066039,0.03721762,0.7130155,0.22877271,0.6848959,0.1492338,43.718094,18.62604,54.369686,13.2705145,-41.791775,10.381378,0.43173936,0.10793779,0.068492934,0.051456794,0.5516535,0.08318733,0.79100823,0.017241066,0.88524115,0.07377703,0.5517629,0.08332774,28.505342,7.2841363,54.800114,5.9745684,-46.4571,3.3932018,0.31164643,0.070407264,0.02442839,0.022091372,0.46034175,0.062103584,0.7755657,0.015399157,0.950216,0.04350169,0.46034175,0.062103584,20.424597,4.7452297,48.017002,5.04806,-45.18168,3.8068604,3,4027,0.6603804526074123,2032.6666259765625,1517.521240234375,0.0001908518353584,0.0004919645785503,588,0.0374069597302627,1225.0,0.051065208167505,34.28060591010678,56.957784951576855,13,345,0.2112676056338028,125.61538696289062,98.4225845336914,0.0021318465070514,0.0079608083282302,0.0469006231551328,737.0,0.0377799233999888,36.82898550724638,62.55652173913043
50.png,0,NMF,16384,16320,6355,804,0.3893995098039216,0.38787841796875,0.0492647058823529,0.1265145554681353,8,573,0.7126865671641791,100.5,178.88055419921875,0.0012588512981904,0.0099502487562189,104,0.0163650668764752,297.0,0.1145389016307267,62.40488656195463,63.69284467713787,0.6505726,0.16542943,0.18461186,0.13588604,0.69276166,0.12058918,0.8187456,0.023870805,0.7592596,0.1386329,0.70297956,0.12744041,43.487343,12.683106,62.537098,8.384518,-43.589325,5.898238,0.52335745,0.14103806,0.095077455,0.062924154,0.60369354,0.09968041,0.80560935,0.025090061,0.85503685,0.082260534,0.6065444,0.10167025,34.029648,9.111331,59.725624,7.514317,-45.437775,4.88146,0.28973973,0.108647436,0.02073648,0.025637858,0.44333145,0.090550184,0.7704628,0.02500629,0.95984143,0.048120264,0.44333658,0.090553276,18.950766,7.144912,46.70707,7.5125246,-44.683216,5.7585473,3,5340,0.8402832415420929,2118.333251953125,2282.412353515625,0.0001838235294117,0.0004720692368214,639,0.0391544117647058,1343.0,0.0442765112581508,42.537265917602994,64.78370786516854,8,573,0.7126865671641791,100.5,178.88055419921875,0.0012588512981904,0.0099502487562189,0.0163650668764752,297.0,0.1145389016307267,62.40488656195463,63.69284467713787
52.png,0,NMF,16384,16320,5578,1347,0.3417892156862745,0.3404541015625,0.0825367647058823,0.2414844030118322,16,494,0.3667409057164068,84.1875,140.67747497558594,0.002868411617067,0.0118782479584261,246,0.0441018286124058,618.0,0.0443200773387946,89.21457489878543,15.026315789473683,0.6210137,0.16979921,0.17280973,0.14697638,0.68574595,0.12317365,0.811439,0.03126232,0.77435035,0.15057166,0.6903476,0.12750654,41.905334,13.3193035,61.443657,8.603993,-45.131584,6.356682,0.46535614,0.11593966,0.07398607,0.054896172,0.5832487,0.083093226,0.79392266,0.021307848,0.88188285,0.07581623,0.58357584,0.08322146,30.752235,7.44104,57.45486,6.18737,-47.737377,4.47211,0.33109412,0.07120022,0.025775006,0.02393335,0.48797467,0.057338923,0.7763764,0.01717543,0.9502101,0.04521498,0.48798084,0.057340614,21.972277,4.528825,50.211025,4.4930925,-47.155067,4.377357,4,2997,0.5372893510218716,1394.5,1087.60595703125,0.0002450980392156,0.0007171029042667,603,0.0369485294117647,1341.0355339059329,0.0389769455715318,89.71538204871538,53.4361027694361,16,494,0.3667409057164068,84.1875,140.67747497558594,0.002868411617067,0.0118782479584261,0.0441018286124058,618.0,0.0443200773387946,89.21457489878543,15.026315789473683
53.png,0,NMF,16384,15702,6204,1522,0.3951089033244173,0.378662109375,0.0969303273468348,0.2453255963894261,15,336,0.2207621550591327,101.46666717529295,109.67579650878906,0.0024177949709864,0.0098554533508541,225,0.0362669245647969,619.0,0.0499163956536668,84.4375,80.37202380952381,0.6532957,0.19099799,0.22943547,0.22464266,0.6932418,0.14754863,0.8166757,0.04702461,0.71531886,0.2196121,0.7012515,0.15268163,45.633335,18.157402,57.2668,14.295104,-40.211586,9.870794,0.48182616,0.13250232,0.082621865,0.060615085,0.56930506,0.095062464,0.80203485,0.022472514,0.8670758,0.08186026,0.5715154,0.09699125,31.327866,8.66356,56.944637,7.2219067,-44.52899,4.1943836,0.32208702,0.07389979,0.028059708,0.025870511,0.45625612,0.06032909,0.78039277,0.017849144,0.9421173,0.051527925,0.4562904,0.06025886,20.88985,4.804905,47.952774,5.0319858,-43.742977,4.1965322,2,5350,0.8623468729851709,3102.0,2248.0,0.0001273723092599,0.0003223726627981,634,0.0403770220354095,1291.0355339059329,0.0467740808100416,40.2596261682243,78.43906542056075,15,336,0.2207621550591327,101.46666717529295,109.67579650878906,0.0024177949709864,0.0098554533508541,0.0362669245647969,619.0,0.0499163956536668,84.4375,80.37202380952381
